co_nombre,co_finalidad,co_direccion,co_telefono1,co_contacto1,co_telefono2,co_contacto2,co_telefono3,co_contacto3,co_website,co_banco,co_cuenta_destino,co_pago,co_vendedor,co_sonido,co_comentarios,co_fecha,co_fecha_act,co_estado,co_operador,co_terminal,co_mora,co_comision,co_rnc
----------.CESARINA----------,0,0,0,0,,,,,,1,24472460019,2,0,NULL,,01:34.4,41:11.8,0,opaulino,GERENCIA,0,0,131-37045-4
----------.JONLEY----------,0,0,0,0,,,,,,1,24472460019,2,0,NULL,,02:39.2,41:30.6,0,opaulino,GERENCIA,0,0,131-37045-4
0. CANCELADOS NO LABORANDO,A RASTREAR,LA OFICINA,8098285353,0,,,,,,5,795319581,2,1,NULL,,59:53.2,31:48.8,1,rrodriguez,RL-PC,0,0.5,131-37045-4
0. CLIENTES PARA SEGUIMIENTOS JONLEY ,0,0,0,0,,,,,,2,300118368,2,1,NULL,,47:21.8,47:07.0,1,opaulino,SERVER-PC,0,0.5,131-37045-4
0. SEGUIMIENTO CK. JONLEY,0,0,0,0,,,,,,2,300118368,3,2,NULL,,10:25.7,47:29.5,1,opaulino,GERENCIA,0,0.5,131-37045-4
1. CANCELADOS BHD CON ACCESO IB Y TCM ,0,0,0,0,,,,,,1,24472460019,2,0,NULL,,13:37.8,01:50.3,1,mmoris,DESKTOP-VK5UM4E,0,0.5,131-37045-4
1.CANC. BANRESERVAS C/ACCESO IB,0,0,0,0,,,,,,2,300118368,2,0,NULL,,02:48.2,34:37.2,1,mmoris,COBROS32,0,0,131-37045-4
1.CANC. BANRESERVAS C/ACCESO IB SIN CUENTA DISPONIBLE,0,0,0,0,,,,,,2,300118368,2,0,NULL,,37:01.1,37:01.1,1,flor,DESKTOP-MO25F8N,0,0,131-37045-4
1.CANC. BANRESERVAS C/ACCESO IB Y TCM,0,0,0,0,,,,,,2,300118368,2,0,NULL,,40:53.4,31:29.2,1,flor,DESKTOP-MO25F8N,0,0,131-37045-4
1.CANCELADOS BHD CON ACCESO IB Y TCM ,0,0,0,0,,,,,,1,24472460019,2,0,NULL,,34:22.7,10:51.9,1,cgonzalezz,MOISESSS,0,0,131-34705-4
1.-CANCELADOS HIGUEY,OOOOOOOOOO,ooooooooooooo,0,ooooooooooooo,,,,,,2,300118368,2,0,NULL,,05:16.2,08:09.8,0,OPAULINO,SERVER-PC,NULL,NULL,NULL
1.CANCELADOS INESPRE,0,0,0,0,,,,,,2,300118368,3,0,NULL,,57:57.5,01:22.1,1,CGONZALEZZ,DESKTOP-DFEQDJR,0,0,131-37045-4
1.CANCELADOS POPULAR CON ACCESO IB,0,0,0,0,,,,,,5,795319581,2,0,NULL,,41:51.6,30:08.9,1,cgonzalezz,MOISESSS,0,0,131-34705-4
1.CANCELADOS POPULAR SIN ACESSO IB,0,0,0,0,,,,,,5,795319581,2,0,NULL,,34:12.6,48:39.7,1,cgonzalezz,MOISESSS,0,0,131-37045-4
1----------.MOISES----------,0,0,0,0,,,,,,1,24472460019,2,0,NULL,,00:02.4,42:42.6,0,opaulino,GERENCIA,0,0,131-37045-4
1-A GESTION DE COBROS ELIA,0,0,0,0,,,,,,7,,2,0,NULL,,39:57.9,50:16.3,0,opaulino,FGHFGHFGHHFGH,NULL,NULL,NULL
1-CANCELADOS ELIAS,HOTELERIA,uvero alto,0,0,,,,,,2,300118368,2,0,NULL,,32:49.8,30:58.0,0,opaulino,APPSERVER,NULL,NULL,NULL
1-CANCELADOS STO.DGO,0,0,0,0,,,,,,2,300118368,2,0,NULL,,04:45.9,50:11.4,0,rrodriguez,OPAULINO,NULL,NULL,NULL
1-CK ELIAS,HOTELERIA,UVERO ALTO,0,0,,,,,,7,,2,0,NULL,,33:27.2,43:57.1,0,opaulino,FGHFGHFGHHFGH,NULL,NULL,NULL
1-CLIENTES PARA SEGUIMIENTOS,0,0,0,0,,,,,,7,,2,0,NULL,,22:30.3,44:10.0,0,OPAULINO,WIN-UWIUFQ08L4C,NULL,NULL,NULL
1-D QUINCENALES BANRESERVAS ELIA,HOTELERIA,bavaro,0,0,,,,,,2,300118368,2,0,NULL,,04:54.9,44:19.6,0,rrodriguez,APPSERVER,NULL,NULL,NULL
1-D QUINCENALES POPULAR ELIA ,0,0,0,0,,,,,,5,795319581,2,0,NULL,,46:14.7,47:35.1,0,rrodriguez,APPSERVER,NULL,NULL,NULL
1-DREAMS UVERO ALTO ELIAS,0,0,0,0,,,,,,2,300118368,2,0,NULL,,50:19.8,51:14.0,0,rrodriguez,APPSERVER,NULL,NULL,NULL
1-IBEROSTAR,A RECIBIR PERSONAS,,,,,,,,,5,795319581,2,0,NULL,,44:49.0,48:04.8,0,cgonzalezz,DESKTOP-1T65AVP,NULL,NULL,NULL
1-INESPRE PRIORITARIO,XXXXXXXXXXXXXXXXXXXXX,xxxxxxxxxxxxxxx,0,xxxxxxxxxx,,,,,,2,300118368,3,0,NULL,,11:51.1,40:16.0,0,drosario,TEMPORAL-PC,NULL,NULL,NULL
1-KARISMA 7,HOTELERIA,UVERO ALTO,0,0,,,,,,2,300118368,2,0,NULL,,10:29.9,09:10.7,0,opaulino,FGHFGHFGHHFGH,NULL,NULL,NULL
1-KARISMA 8,HOTELERIA,uvero alto,0,0,,,,,,2,300118368,2,0,NULL,,42:28.9,09:21.7,0,OPAULINO,SERVER-PCSOLOO,NULL,NULL,NULL
1-KARISMA CLIENTES PROBLEMATICO,0,0,0,0,,,,,,2,300118368,2,0,NULL,,50:38.6,41:58.6,0,jlar,RL-PC,NULL,NULL,NULL
1-KARISMA USUARIOS BLOQUEADO,0,0,0,0,,,,,,2,300118368,2,0,NULL,,41:44.2,53:03.2,0,opaulino,WIN-UWIUFQ08L4C,NULL,NULL,NULL
1-KCLIENTES PARA SEGUIMIENTOS MOISES,0,0,0,0,,,,,,2,300118368,2,0,NULL,,54:57.6,48:29.7,0,opaulino,SERVER-PC,NULL,NULL,NULL
1-MAJESTIC  BHD,HOTELERIA,vabaro,0,0,,,,,,1,11387790035,2,0,NULL,,51:39.0,06:03.1,0,rrodriguez,OPAULINO,NULL,NULL,NULL
1-MENSUALES  BANRESERVAS  DIEGO,0,0,0,0,,,,,,2,300118368,3,0,NULL,,38:07.4,41:37.8,0,rrodriguez,APPSERVER,NULL,NULL,NULL
1-MENSUALES BHD OSCAR,VARIOS,0,0,0,,,,,,1,11387790035,3,0,NULL,,42:35.3,47:00.3,0,crincon,GH-PC,NULL,NULL,NULL
1-OCEAN EL FARO,HOTELERA,bavaro,0,0,,,,,,5,795319581,2,0,NULL,,55:56.3,52:53.6,0,mmoris,DESKTOP-K9FT08G,NULL,NULL,NULL
1-QUINCENALES BANRESERVAS DIEGO,HOTELERIA,bavaro,0,sssssssssssssssssss,,,,,,2,300118368,2,0,NULL,,21:05.4,49:44.8,0,admin,SERVIDOR,NULL,NULL,NULL
1-QUINCENALES BHD DIEGO,0,0,0,0,,,,,,1,11387790035,2,0,NULL,,40:12.3,52:34.6,0,rrodriguez,APPSERVER,NULL,NULL,NULL
1-USUARIOS BLOQUEADOS MENSUALES,0,0,0,0,,,,,,2,300118368,3,0,NULL,,18:17.2,54:22.4,0,opaulino,APPSERVER,NULL,NULL,NULL
2.----------.JEISY----------,0,0,0,0,,,,,,2,9602119269,2,0,NULL,,57:56.5,43:11.5,0,opaulino,GERENCIA,0,0,131-37045-4
2.CANCELADOS BANRESERVAS SIN ACESSO A IB ,CANCELADOS,0,0,0,,,,,,2,300118368,3,0,NULL,,02:22.2,47:49.6,1,opaulino,GERENCIA,0,0,131-37045-4
2.CANCELADOS BHD SIN ACESSO A IB,0,0,0,0,,,,,,1,24472460019,2,0,NULL,,39:05.5,06:16.5,1,cgonzalezz,MOISESSS,0,0,131-37045-4
2.-MATI PARK,HOTELERA,bavaro,0,0,,,,,,1,11387790035,2,0,NULL,,29:43.0,48:59.9,0,yjimenezz,DESKTOP-5UNDJ8S,NULL,NULL,NULL
2-BRETHLES 2,HOTELERIA,uvero alto,0,0,,,,,,1,11387790035,2,0,NULL,,25:51.8,24:06.9,0,OPAULINO,SERVER-PCSOLOO,NULL,NULL,NULL
2-BRETHLES 3,HOTELERIA,uvero alto,0,0,,,,,,1,11387790035,2,0,NULL,,32:55.8,24:20.4,0,OPAULINO,SERVER-PCSOLOO,NULL,NULL,NULL
2-BRETHLES 4,HOTELERIA,uvero alto,0,0,,,,,,1,11387790035,2,0,NULL,,36:28.0,24:31.0,0,OPAULINO,SERVER-PCSOLOO,NULL,NULL,NULL
2-CLIENTES PARA SEGUIMIENTOS JEISY ,0,0,0,0,,,,,,1,11387790035,2,0,NULL,,44:25.4,49:40.1,0,opaulino,SERVER-PC,NULL,NULL,NULL
2-CLINICA PEROZO,ATENDER PACIENTES,HIGUEY LA ALTAGRACIA,0,0,,,,,,5,795319581,2,0,NULL,,18:15.2,49:11.1,0,cgonzalezz,DESKTOP-2GPEK96,NULL,NULL,NULL
2-EFICTEC S.R.L  STO. DGO.,EFICTEC S.R.L ,Circunvalaci묥 los rios con Rep믁lica de Colombia edificion juan pablo IV apartamento s02,8095493034,,,,,,,1,11387790035,2,0,NULL,,08:09.3,44:23.5,0,ibarinas,OPAULINO,NULL,NULL,NULL
2-EXCELLENT DEL CARMEN,HOTELERIA,UVERO ALTO,0,VLADIMIR,,,,,,5,795319581,2,1,NULL,,03:42.1,49:19.5,0,admin,DELL-PC,NULL,NULL,NULL
2-G PRESTAMOS PARTICULARES HIGUEY,HOTELERIA,el macao,1111111111,1.11E+11,,,,,,5,795319581,3,0,NULL,,56:29.7,49:28.7,0,mavila,USER-PC,NULL,NULL,NULL
2-GESTION DE COBROS HIGUEY.,SERVICIO,UVERO ALTO,0,0,,,,,,7,,2,0,NULL,,36:17.0,59:30.8,0,opaulino,FGHFGHFGHHFGH,NULL,NULL,NULL
2-GRUPO MEDICO PUNTA CANA,ATENDER PERSONAS,bavaro,,,,,,,,9,,2,0,NULL,,35:28.4,58:04.5,0,cgonzalezz,DESKTOP-B0CVHD9,NULL,NULL,NULL
2-KARISMA CON TARJETA DE COBROS,HOTELERIA,bavaro,0,0,,,,,,2,300118368,2,0,NULL,,21:47.6,55:27.4,0,rrodriguez,APPSERVER,NULL,NULL,NULL
2-NOW ONIX 2,HOTELERIA,uvero alto,0,0,,,,,,1,11387790035,2,0,NULL,,39:20.6,42:55.0,0,OPAULINO,SERVER-PCSOLOO,NULL,NULL,NULL
2-NOW ONIX 3,HOTELERIA,uvero alto,0,0,,,,,,1,11387790035,2,0,NULL,,42:37.1,43:04.8,0,OPAULINO,SERVER-PCSOLOO,NULL,NULL,NULL
2-QUINCENALES BHD ELIA,0,0,0,0,,,,,,1,11387790035,2,0,NULL,,45:06.6,56:43.6,0,rrodriguez,APPSERVER,NULL,NULL,NULL
2-SIRENIS 2,HOTELERIA,uvero alto,0,0,,,,,,1,11387790035,2,0,NULL,,53:40.7,44:43.7,0,OPAULINO,SERVER-PCSOLOO,NULL,NULL,NULL
2-SIRENIS 3,HOTELERIA,uvero alto,0,0,,,,,,1,11387790035,2,0,NULL,,55:44.4,44:52.8,0,OPAULINO,SERVER-PCSOLOO,NULL,NULL,NULL
2-SIRENIS 4,HOTELERIA,uvero alto,0,0,,,,,,1,11387790035,2,0,NULL,,57:15.8,45:02.0,0,OPAULINO,SERVER-PCSOLOO,NULL,NULL,NULL
2-ZOETRY 2,HOTELERIA,uvero alto,0,0,,,,,,1,11387790035,2,0,NULL,,03:15.9,46:40.8,0,OPAULINO,SERVER-PCSOLOO,NULL,NULL,NULL
2-ZOETRY 3,HOTELERIA,uvero alto,0,0,,,,,,1,11387790035,2,0,NULL,,05:36.8,46:49.8,0,OPAULINO,SERVER-PCSOLOO,NULL,NULL,NULL
3-ALSOL  BHD DIEGO ,HOTELERIA,BAVARO,0,0,,,,,,1,11387790035,2,0,NULL,,15:06.8,26:43.8,0,rrodriguez,APPSERVER,NULL,NULL,NULL
3-CANO INDUSTRIAL. SRL STO. DGO,FABRICACION Y COMERCIALIZACION DE PEGAMENTOS,CALLE I. ZONA INDUSTRIAL DE HERRERA.,8095301006,8095343333,,,,,,5,795319581,2,0,NULL,,03:41.2,47:01.6,0,ibarinas,OPAULINO,NULL,NULL,NULL
3-CHIC DIEGO,BAVARO,,1111111111,1.11E+13,,,,,,5,795319581,2,0,NULL,,15:12.6,28:04.7,0,mavila,MARILEYSI-PC,NULL,NULL,NULL
3-CK OSCAR HIGUEY,HOTELERIA,UVERO ALTO,0,0,,,,,,7,,2,0,NULL,,32:06.2,55:19.3,0,opaulino,FGHFGHFGHHFGH,NULL,NULL,NULL
3-CLINICA QUEVEDO,ATENDER PACIENTES,,,,,,,,,5,795319581,2,0,NULL,,44:18.1,55:45.4,0,cgonzalezz,DESKTOP-K9FT08G,NULL,NULL,NULL
3-EDEE BANRESERVAS,L,HIGUEY,0,0,,,,,,2,300118368,2,0,NULL,,25:04.1,01:52.9,0,rrodriguez,MOISES,NULL,NULL,NULL
3-EUROPIEL,VENTAS POR CATALOGO,Carretera Duarte Vieja. proximo al Semaforo de Las Palmas de Herrera. Santo Domingo Oeste. ,8093314444,,,,,,,5,795319581,2,0,NULL,,48:54.5,57:33.6,0,ibarinas,OPAULINO,NULL,NULL,NULL
3-GESTION CHIC DIEGO,0,0,0,0,,,,,,5,795319581,2,0,NULL,,03:02.6,28:51.8,0,rrodriguez,OPAULINO,NULL,NULL,NULL
3-GESTION DE COBROS STO DGO.,SERVICIOS,sto dgo,0,0,,,,,,2,300118368,3,0,NULL,,46:40.0,00:00.9,0,opaulino,OPAULINO,NULL,NULL,NULL
3-GESTION ELIAS,HOTELERIA,uvero alto,0,0,,,,,,2,300118368,2,0,NULL,,46:30.8,46:08.0,0,opaulino,OPAULINO,NULL,NULL,NULL
3-HOSPITAL IMG,ATENDER PACIENTES,punta cana,,,,,,,,2,300118368,2,0,NULL,,15:57.4,02:20.2,0,cgonzalezz,DESKTOP-K9FT08G,NULL,NULL,NULL
3-KARISMA 6,HOTELERIA,bavaro ,0,0,,,,,,2,300118368,2,0,NULL,,28:21.6,17:26.8,0,rrodriguez,MOISES,NULL,NULL,NULL
3-KARISMA 7  5%,HOTELERIA,BAVARO,0,0,,,,,,2,300118368,2,0,NULL,,20:21.2,18:29.2,0,rrodriguez,APPSERVER,NULL,NULL,NULL
3-KARISMA ENCARGADO,HOTELERIA,bavaro,0,0,,,,,,2,300118368,2,0,NULL,,38:39.1,18:46.5,0,rrodriguez,APPSERVER,NULL,NULL,NULL
3-KARISMA USUARIO BLOQUIADO,0,0,0,0,,,,,,2,300118368,2,0,NULL,,47:55.5,47:12.2,0,rrodriguez,APPSERVER,NULL,NULL,NULL
3-LA CANASTA,HIPERMERCADO,C/ JUAN BALLENILLA #10. ZONA INDUSTRIAL DE HERRERA. SANTO DOMINGO OESTE,8097405888,FAX 8095342785,,,,,,2,300118368,2,0,NULL,SE CREO EMPRESA. PORQUE HAY 2 CLIENTES QUE ESTAN SOLICITANDO.,18:30.9,02:41.9,0,ibarinas,OPAULINO,NULL,NULL,NULL
3-MENSUALES BANRESERVAS HIGUEY,SERVICIOS,higuey,0,0,,,,,,2,300118368,3,0,NULL,,08:08.9,09:30.3,0,opaulino,OPAULINO,NULL,NULL,NULL
3-NOW ONIX / BRESLETS DIEGO PROBLEMA DE LA TARJETA ,HOTEL,BAVARO,0,0,,,,,,1,11387790035,2,0,NULL,,15:59.5,31:12.8,0,rrodriguez,APPSERVER,NULL,NULL,NULL
3-OPTICA OVIEDO,ACESORA,,,,,,,,,3,,2,0,NULL,,17:00.0,55:41.5,0,cgonzalezz,DESKTOP-K9FT08G,NULL,NULL,NULL
3-QUINCENALES BANRESERVAS HIGUEY,OOOOOOOOOOO,sto dgo,0,0,,,,,,2,300118368,2,0,NULL,,25:26.9,11:00.4,0,opaulino,APPSERVER,NULL,NULL,NULL
3-QUINCENALES BANRESERVAS STO. DGO.,SERVICIOS,sto dgo,0,0,,,,,,2,300118368,2,0,NULL,,20:22.0,11:17.8,0,opaulino,OPAULINO,NULL,NULL,NULL
3-SIVORY,A BRINDAR SERVICIOS ,playa uvero alto. municipio veron. higuey.provincia la altagracia,8093300500,,,,,,,5,795319581,2,0,NULL,,12:33.0,50:49.5,0,cgonzalez,DESKTOP-ISIVUEK,NULL,NULL,NULL
3-SOLAYA HOTEL Y RESORT,HOTELERA,,8098297147,5661561,,,,,,1,11387790035,2,0,NULL,,09:58.3,09:52.2,0,yjimenezz,DESKTOP-2GPEK96,NULL,NULL,NULL
3-UNITED,AEROLINEA,punta cana,,,,,,,,5,795319581,2,0,NULL,,14:31.0,10:17.3,0,cgonzalez,DESKTOP-K9FT08G,NULL,NULL,NULL
3-ZOETRY CLIENTE CON PROBLEMA DE LA TARJETA,HOTELERIA,BAVARO,0,0,,,,,,1,11387790035,2,0,NULL,,07:53.4,33:24.4,0,rrodriguez,APPSERVER,NULL,NULL,NULL
4-CERVECERIA NACIONAL,EMPRESARIAL ,,,,,,,,,1,11387790035,2,0,NULL,,53:12.0,51:15.2,0,yjimenezz,DESKTOP-K9FT08G,NULL,NULL,NULL
4-EDEE BHD,SERVICIOS PUBLICO,HIGUEY,0,0,,,,,,1,11387790035,2,0,NULL,,43:52.7,29:51.0,0,opaulino,APPSERVER,NULL,NULL,NULL
4-GESTION DIEGO,0,0,0,0,,,,,,1,11387790035,2,0,NULL,,06:03.8,47:52.3,0,rrodriguez,OPAULINO,NULL,NULL,NULL
4-MENSUALES BANRESERVAS ELIA,0,0,0,0,,,,,,2,300118368,3,0,NULL,,16:08.0,52:34.8,0,opaulino,WIN-UWIUFQ08L4C,NULL,NULL,NULL
4-PLAZA LEONARDO STO.DGO.,SERVICIOS,sto. dgo.,0,0,,,,,,1,11387790035,2,0,NULL,,13:08.6,16:26.0,0,opaulino,OPAULINO,NULL,NULL,NULL
4-RECAUDO BANRESEVAS GESTION,CUALQUIER TRABAJO,HIGUEY. BAVARO Y SANTO DOMINGO,8090000000,8.09E+13,,,,,,2,300118368,2,0,NULL,,32:03.0,57:58.5,0,ibarinass,SERVIDOR,NULL,NULL,NULL
4-ZOETRY ENCARGADOS,HOTELERIA,uvero alto,0,0,,,,,,1,11387790035,2,0,NULL,,52:48.6,13:29.3,0,opaulino,APPSERVER,NULL,NULL,NULL
5-LA SIRENA,SERVICIO,higuey,0,0,,,,,,5,795319581,2,0,NULL,,06:43.5,17:12.5,0,opaulino,APPSERVER,NULL,NULL,NULL
6-CUENTA POR COBRAR CARLOS,0,0,0,0,,,,,,2,300118368,2,0,NULL,,24:21.1,18:09.3,0,drosario,RL-PC,NULL,NULL,NULL
6-CUENTA POR PAGAR DIEGO,HOTELERIA,uvero alto,0,0,,,,,,1,11387790035,2,0,NULL,,53:09.8,24:12.7,0,opaulino,SERVIDOR,NULL,NULL,NULL
6-GESTION DE COBRO POPULAR,0,0,0,0,,,,,,5,795319581,2,0,NULL,,09:51.5,27:00.7,0,drosario,RL-PC,NULL,NULL,NULL
911-LA ALTAGRACIA,HOSPITAL,la altagracia,0,0,,,,,,2,9602119269,3,2,NULL,,23:32.7,20:41.4,0,mmoris,DESKTOP-K9FT08G,0,0.5,131-37045-4
ALSOL,CAMARERO,punta cana,,,,,,,,1,11387790035,2,0,NULL,,29:04.4,34:28.8,0,mseverino,RECEPCIONUVERO,NULL,NULL,NULL
ANCORA PROBLEMATICOS,HOTELERIA,0,0,,,,,,,1,24472460019,2,5,NULL,,30:27.4,30:27.4,1,cgonzalezz,DESKTOP-DFEQDJR,0,0,131-37045-4
ANCORA PUNTA CANA.,HOTELERIA,punta cana,0,0,,,,,,1,24472460019,2,5,NULL,,12:39.6,12:39.6,1,flor,DESKTOP-MO25F8N,0,0,131-37045-4
AVANCELL SRL,VENTAS DE CELULARES Y LINEAS FIJAS,ISABEL AGUIAR 204 ESQUINA CALLE 5 ,8095377005,REC,,,,,,2,300118368,2,0,NULL,,19:29.3,19:29.3,1,jalvarez,DESKTOP-GSN33LR,0,0,131-37045-4
AVIAN,AEREOPUERTO,bavaro,0,0,,,,,,5,795319581,2,0,NULL,,37:52.6,28:30.6,0,opaulino,APPSERVER,NULL,NULL,NULL
BAHIA,HOTELERIA,BAVARO,0,0,,,,,,5,795319581,2,0,NULL,,25:23.3,21:09.1,0,crincon,GH-PC,NULL,NULL,NULL
BARCELO,BAVARO,0,0,0,,,,,,5,795319581,2,0,NULL,,25:54.1,21:39.3,0,opaulino,APPSERVER,NULL,NULL,NULL
BELIVE,HOTEL,0,0,0,,,,,,2,300118368,2,0,NULL,,56:03.9,21:56.5,0,crincon,GH-PC,NULL,NULL,NULL
BLOOM TELECOM,TELECABLE,HIGUEY LA ALTAGRACIA,8095544900,NO APLICA,,,,,,1,11387790035,2,0,NULL,,21:48.2,22:44.1,0,mmoris,COBROS02,NULL,NULL,NULL
BREATHLESS,HOTELERIA,UVERO ALTO,1111111111,11111111111,,,,,,1,11387790035,2,0,NULL,,15:44.6,29:57.5,0,mavila,USER-PC,NULL,NULL,NULL
BREATHLESS CLIENTES PREACUERDO,HOTELERIA,bavaro,0,0,,,,,,1,24472460019,2,1,NULL,,05:52.5,21:45.1,0,flor,DESKTOP-SUMFLTC,0,0.5,131-37045-4
BREATHLESS PROBLEMATICOS,0,0,0,0,,,,,,1,24472460019,2,5,NULL,,40:31.5,27:01.0,0,oscarjp,MOISES,0,0.5,131-37045-4
BRETHLESS CANCELADOS,0,0,0,0,,,,,,1,24472460019,2,0,NULL,,54:30.9,03:16.1,1,cgonzalezz,DESKTOP-DFEQDJR,0,0,131-37045-4
BRETHLESS PUNTA CANA,0,0,0,0,,,,,,1,24472460019,2,5,NULL,,06:56.3,54:01.5,0,rrodriguez,RL-PC,0,0.5,131-37045-4
BRETHLESS PUNTA CANA FASE,0,,0,0,,,,,,1,24472460019,2,0,NULL,,00:55.2,07:52.8,1,cgonzalezz,MOISESSS,0,0,131-31704-5
BRETHLESS PUNTANA CANA,HOTELERIA,BAVARO,0,0,,,,,,1,24472460019,2,0,NULL,,08:00.5,53:44.2,1,cgonzalezz,MOISESSS,0,0,131-37045-4
BRETHLESS Y NOW PRE-ACUERDO DE PAGO,HOTELERIA,0,0,0,,,,,,1,24472460019,2,0,NULL,,30:25.9,28:13.1,0,cgonzalezz,MOISESSS,0,0,131-37045-4
CANCELADOS FASE BHD,0,Bavaro punta cana,0,0,,,,,,1,24472460019,2,0,NULL,,29:10.3,29:44.3,0,cgonzalezz,MOISESSS,0,0,131-37045-4
CANCELADOS LABORANDO,0,0,0,0,,,,,,1,24472460019,2,1,NULL,,57:33.1,30:11.1,0,opaulino,SERVER-PC,0,0.5,131-37045-4
CANCELADOS NOW ONIX,0,0,0,0,,,,,,1,24472460019,2,0,NULL,,54:54.0,54:54.0,1,cgonzalezz,DESKTOP-DFEQDJR,0,0,131-37045-4
CANCELADOS QUICENALES BHD ,HOTELERIA,0,0,0,,,,,,1,11387790035,2,0,NULL,,22:40.9,33:22.7,0,admin,DELL-PC,NULL,NULL,NULL
CANCELADOS QUINCENALES POPULAR,HOTELERIA,0,0,0,,,,,,5,795319581,2,0,NULL,,23:46.9,36:23.7,0,admin,DELL-PC,NULL,NULL,NULL
CASA PACO. S.A.,ALMACENISTA IMPORTADORES,ALMA MARTE CON BOLIVAR . ZONA UNIVERSITARIA...,8097480666,ENRIQUE,,,,,,1,24472460019,2,0,NULL,DISTRIBUIDORES DE PACO FISH. SALDINAS DEMAR,10:40.7,31:38.8,1,mmoris,DESKTOP-GSN33LR,0,0,131-37045-4
CATALONIA,0,0,0,0,,,,,,5,795319581,2,0,NULL,,08:12.5,35:16.9,0,mmoris,COBROS02,NULL,NULL,NULL
CENTRO DE OBSTETRICIA Y GINECOLOGIA S.A,CLINICA DEDICADA A LA GINECOLOGIA .,AVENIDA INDEPENDENCIA ESQUINA JOAQUIN PEREZ #451,8092217100,REC.,,,,,,1,24472460019,3,0,NULL,,25:48.5,25:48.5,1,jalvarez,DESKTOP-GSN33LR,0,0,131-37045-4
CENTRO DE OBSTETRICIA Y GINECOLOGIA S.A..,CLINICA DEDICADA A LA GINECOLOGIA,AVENIDA INDEPENDENCIA . ESQUINA JOAQUIN PEREZ #451,8092217100,REC,,,,,,2,300118368,3,0,NULL,,45:48.8,45:48.8,1,jalvarez,DESKTOP-GSN33LR,0,0,131-37045-4
CERVEZERIA NACIONAL DOMINICANA,0,,0,0,,,,,,1,24472460019,2,0,NULL,,44:16.6,44:16.6,1,cgonzalezz,DESKTOP-DFEQDJR,0,0,131-37045-4
CESAR IGLESIAS. S.A.,PRODUCTOS DE CONSUMO MASIVOS,,0,0,,,,,,1,24472460019,2,5,NULL,,30:55.1,12:15.0,1,cgonzalezz,DESKTOP-DFEQDJR,0,0,131-37045-4
CHIC CLUB VACACIONES,HOTELERIA,uvero alto,0,0,,,,,,2,300118368,2,0,NULL,,52:50.8,23:16.4,0,opaulino,SERVIDOR,NULL,NULL,NULL
CLARO S.A,COMPA벨A DE TELECOMUNICACIONES,AVE. JOHN F. KENNEDY #54,8092201111,CENTRAL,,,,,,5,795319581,2,0,NULL,,42:03.2,20:44.9,1,jalvarez,DESKTOP-GSN33LR,0,0,131-37045-4
CLIENTES SEGUIMIENTO CESARINA,0,0,0,0,,,,,,1,24472460019,2,5,NULL,,52:52.7,46:47.3,0,opaulino,GERENCIA,0,0.5,131-37045-4
CLIENTES SEGUIMIENTO CK. MOISES,HOTELERIA,HIGUEY RD,8094550712,809554000,,,,,,2,9602119269,2,2,NULL,,06:21.7,47:18.6,0,YJIMENEZZ,DESKTOP-5UNDJ8S,0,0.5,131-37045-4
CLIENTES SEGUIMIENTO JEISY,0,0,0,0,,,,,,1,24472460019,2,5,NULL,,45:24.6,47:31.8,0,opaulino,GERENCIA,0,0.5,131-37045-4
CLIENTES SEGUIMIENTO MOISES,SEGUIMIENTO,0,0,0,,,,,,2,9602119269,2,2,NULL,,48:39.6,47:02.3,0,opaulino,GERENCIA,0,0.5,131-37045-4
CLIENTES SIN DEUDAS,OOOOOOOOOO,OOOOOOOOOOO,0,OOOOOOOOOO,,,,,,7,,2,1,NULL,,54:57.4,25:50.8,1,opaulino,GERENCIA,0,0.5,131-37045-4
COBROS MENSUALES BANCO POPULAR,VENTAS DE PRODUCTOS NATURALES ,KM.13. AUTPISTA DUARTE,8095617565,FIODALIZA DE LEON ,,,,,,5,795319581,3,0,NULL,,36:46.4,57:54.6,0,admin,DESKTOP-GSN33LR,NULL,NULL,NULL
COBROS MENSUALES BANRESERVAS ,SERVICIOS PUBLICOS,av. leopordo navarro esq. francia,8096837777,,2533,,,,,2,7900004964,3,0,NULL,,58:21.9,58:47.1,0,admin,DESKTOP-GSN33LR,NULL,NULL,NULL
COLEGIO DON BOSCO,EDUCACION,CALLE SAN JUAN BOSCO #27 ,8096822237,REC,,,,,,2,300118368,3,0,NULL,,17:13.9,20:44.3,1,mmoris,DESKTOP-GSN33LR,0,0,131-37045-4
CONJELADOS DEL CARIBE BHD,DISTRIBUCION (GRUPO ALONSO),BAVARO,0,0,,,,,,1,11387790035,2,0,NULL,,26:57.8,25:08.2,0,OPAULINO,APPSERVER,NULL,NULL,NULL
CONSORCIO REMIX,CONSTRUCCION,BAVARO,0,0,,,,,,5,795319581,3,0,NULL,,52:13.7,46:12.9,0,admin,DELL-PC,NULL,NULL,NULL
CONSORCIO REMIX MENSUAL,CONSTRUCCION,bavaro,0,0,,,,,,5,795319581,3,0,NULL,,33:30.2,28:44.8,0,opaulino,APPSERVER,NULL,NULL,NULL
CONSTRUTORA MARIAL S.A,CONSTRUCION Y EXCAVACIONES., Ciudad Sanitaria Dr. Luis E. Aybar. en la Calle Federico Vel맠quez No.1. Barrio Mejoramiento Social. de la ciudad de Santo Domingo. DN.,8096848690,REC,,,,,,2,300118368,2,0,NULL,,54:54.2,33:11.9,1,Jalvarez,DESKTOP-GSN33LR,0,0,131-37045-4
CXC REPRESENTANTE ,0,0,0,0,,,,,,7,,2,0,NULL,,01:46.2,36:09.5,0,rrodriguez,APPSERVER,NULL,NULL,NULL
DEINSA S.A.,EQUIPOS INDUSTRIALES,CALLE CENTRAL #8 ZONA INDUSTRIAL,,,,,,,,1,24472460019,2,0,NULL,,00:01.5,02:41.9,1,mmoris,OPAULINO0,0,0,131-37045-4
DEINSA. S.A ..,EQUIPOS INDUTRIALES,CALLE CENTRAL #8 ZONA INDUSTRIAL DE HERRERA,8099999999,RES,,,,,,5,795319581,2,0,NULL,,58:44.6,58:44.6,1,jalvarez,DESKTOP-GSN33LR,0,0,131-37045-4
DEPOSITOS MENSUALES ,0,0,0,0,,,,,,5,795319581,3,0,NULL,,53:49.3,29:40.9,0,admin,SERVIDOR,NULL,NULL,NULL
DEPOSITOS QUINCENALES,AAAAAAAAAAAA,aaaaaaaaaaaaaaaaaa,1111111111,aaaaaaaaaaaaa,,,,,,7,,2,0,NULL,,44:59.6,25:42.6,0,admin,SERVIDOR,NULL,NULL,NULL
DIMARINE SRL,DISTRIBUIDORES DE SALDINA,CALLE H #41 ENTRANDO POR EL MERCADITO DE PINTURA,8297552645,SECRETARIA,,,,,,1,24472460019,2,0,NULL,,54:28.5,54:28.5,1,jalvarez,DESKTOP-GSN33LR,0,0,131-37045-4
DISTRIBUIDORA CORRIPIO. SAS.,VENTA GENERALES ,,,,,,,,,5,795319581,2,0,NULL,,58:18.5,58:18.5,1,jramirez,DESKTOP-GSN33LR,0,0,131-37045-4
DOMICILIARIO MENSUALES POPULAR,0,0,0,0,,,,,,5,795319581,3,0,NULL,,55:41.7,32:07.0,0,admin,SERVIDOR,NULL,NULL,NULL
DOMICILIARIOS KARIMA,HOTELERIA,babaro,0,0,,,,,,2,7900004964,2,0,NULL,,59:44.9,11:23.4,0,admin,DESKTOP-GSN33LR,NULL,NULL,NULL
DOMICILIARIOS MENSUALES BANRESERVAS,0,0,0,0,,,,,,2,7900004964,3,0,NULL,,07:07.2,52:10.2,0,admin,SERVIDOR,NULL,NULL,NULL
DOMICILIARIOS MENSUALES BANRESERVASS,DIVERSOS,0,0,0,,,,,,7,,3,0,NULL,,45:52.3,32:29.8,0,admin,GH-PC,NULL,NULL,NULL
DOMICILIARIOS QUINCENALES BANRESERVAS,DIVERSOS,0,0,0,,,,,,7,,2,0,NULL,,05:31.6,33:11.5,0,admin,GH-PC,NULL,NULL,NULL
DOMICILIARIOS QUINCENALES POPULAR ,HOTELERIA,bavaro,11111111,11111111,,,,,,5,795319581,2,0,NULL,,55:10.0,12:59.9,0,admin,DESKTOP-GSN33LR,NULL,NULL,NULL
DREAMS DOMINICUS LA ROMANA,HOTELERIA,la romana,0,0,,,,,,2,300118368,2,0,NULL,,03:26.5,09:12.7,1,mmoris,DESKTOP-GSN33LR,0,0.5,131-37045-4
DREAMS PUNTA CANA,HOTELERIA,CABEZA DE TORO,0,0,,,,,,2,300118368,2,0,NULL,,59:32.5,25:58.4,0,opaulino,APPSERVER,NULL,NULL,NULL
DREAMS UVERO ALTO,HOTELERIA,UVERO ALTO,0,TOMAS,,,,,,2,300118368,2,4,NULL,,46:04.4,26:14.7,0,admin,DELL-PC,NULL,NULL,NULL
ECOCHEM SRL,FABRICACION DE PRODUCTO QUIMICO DE LIMPIEZA,AVENIDA MONUMENTAL SUR . AL LADO DE INCA ,0,0,,,,,,2,300118368,2,2,NULL,,25:30.5,24:55.4,1,mmoris,DESKTOP-ISIVUEK,0,0.5,131-37045-4
ECOCHEM..SRL,FABRICACION DE PRODUCTOS QUIMICOS DE LIMPIEZA.,AVENIDA MONUMENTAL SUR . AL LADO DE INCA,8095603666,REC,,,,,,1,24472460019,2,0,NULL,ECHOCHEM CARTERA BANCO DEL RESERVAS,35:42.4,43:49.2,1,mmoris,DESKTOP-GSN33LR,0,0,131-37045-4
EDEESTE,SERVICIOS ELECTRICOS,0,0,0,,,,,,5,795319581,2,0,NULL,,21:09.9,30:25.1,0,crincon,GH-PC,NULL,NULL,NULL
EDE-ESTE,SERVICIO ELECTRICO,0,0,0,,,,,,5,795319581,2,0,NULL,,26:13.9,26:13.9,1,cgonzalezz,DESKTOP-DFEQDJR,0,0,131-37045-4
EDEN ROC AT CAP CANA,HOTELERIA,AT CAP CANA,0,0,,,,,,1,24472460019,2,5,NULL,,13:41.0,55:06.5,0,opaulino,OPAULINO,0,0.5,131-37045-4
EDEN ROCK AT CAP CANA,HOTELERIA,AT CAP CANA,0,0,,,,,,1,24472460019,2,0,NULL,,55:04.4,55:00.0,1,cgonzalezz,MOISESSS,0,0,131-37045-4
EDEN ROCK AT CAP CANA FASE,0,,0,0,,,,,,1,24472460019,2,0,NULL,,54:26.9,08:11.0,1,cgonzalezz,MOISESSS,0,0,131-37045-4
EDEN ROCK PROBLEMATICOS,0,,0,0,,,,,,1,24472460019,2,0,NULL,,13:19.6,57:37.6,1,cgonzalezz,MOISESSS,0,0,131-37045-4
EJERCITO GUARDIA NACIONAL,MILITARES DEL PAIS,HIGUEY - LA ALTAGRACIA,8090000000,NO APLICA,,,,,,2,300118368,3,2,NULL,,31:57.8,47:03.1,1,ibarinass,SERVIDOR,0,0.5,131-37045-4
EL CHICC,HOTELERIA,uvero alto,0,0,,,,,,5,795319581,2,0,NULL,,43:45.4,43:45.4,1,mmoris,DESKTOP-VK5UM4E,0,0.5,131-37045-4
EL PORTICO FISHING LODGE CAP CANA,RESTAURANTE,CAP CANA,0,0,,,,,,1,24472460019,2,0,NULL,,39:31.7,39:31.7,1,cgonzalezz,DESKTOP-O41JRMA,0,0,131-37045-4
EXCELLENCE EN CARMEN,HOTELERIA,bavaro punta cana,,,,,,,,5,795319581,2,0,NULL,,08:11.8,40:25.8,0,mseverino,OPAULINO,NULL,NULL,NULL
FERRETERIA  DETALLISTA,FERRETERIA,Carretera mella Higuey,0,0,,,,,,5,795319581,2,2,NULL,,55:45.1,55:45.1,1,flor,DESKTOP-SUMFLTC,0,0.5,131-37045-4
FERSAN S.A. ( DIVISION SACOS Y CORDELERIAS),FABRICACION DE SACOS ( DIVISION SACOS),PROLONGACION 27 DE FEBRERO FRENTE A LA BOHEMIA ,8095378241,REC.,,,,,,1,24472460019,1,0,NULL,,34:38.8,21:48.8,1,mmoris,DESKTOP-GSN33LR,0,0,131-37045-4
FRITO LAY S.A,DISTRIBUCION DE PRODUCTOS COMESTIBLE . PICADERA . GALLETAS.,MANZANA 26 LAS COBAS .,8095603344,REC,,,,,,5,795319581,2,2,NULL,,29:25.3,29:25.3,1,jalvarez,DESKTOP-GSN33LR,0,0,131-37045-4
FRUTOS FERRER SRL.,SANTO DOMINGO,#NAME?,8095181321,rec.,,,,,,5,795319581,2,0,NULL,,21:10.1,37:55.0,1,mmoris,DESKTOP-HOEK5U4,0,0.5,131-37045-4
GESTION DE COBROS BHD QUINCENAL,0,0,0,0,,,,,,1,24472460019,2,5,NULL,,51:51.8,51:53.1,1,flor,DESKTOP-MO25F8N,0,0,111-11111-1
GESTION DE COBROS CLIENTES LABORANDO,1.11E+20,1.11E+14,1111111111,1.11E+11,,,,,,1,24472460019,2,2,NULL,,31:35.1,31:35.1,1,flor,DESKTOP-MO25F8N,0,0,111-11111-1
GESTION DE COBROS CLIENTES NO LABORANDO,ZZZZZZZZZZZZZZZ,ZZZZZZZZZZZZZ,1111111111,1.11E+14,,,,,,1,24472460019,2,2,NULL,,45:24.1,45:24.1,1,flor,SERVER-PC,0,0,111-11111-1
GESTION DE COBROS EN EFECTIVO,0,0,0,0,,,,,,2,300118368,2,0,NULL,,47:24.2,47:24.2,1,flor,DESKTOP-MO25F8N,0,0,000-00000-0
GESTION DE COBROS POPULAR QUINCENAL,0,Bavaro punta cana,0,0,,,,,,1,24472460019,2,0,NULL,,15:22.0,51:30.9,1,cgonzalezz,MOISESSS,0,0,131-37045-4
GESTION DE COBROS RECAUDOS POPULAR,OOOOOOO,OOOOOOOO,11111,111111111,,,,,,5,795319581,2,0,NULL,,37:28.7,37:28.7,1,flor,DESKTOP-MO25F8N,0,0,111-11111-1
GESTION DE COBROS RECAUDOS RESERVAS,0,0,0,0,,,,,,2,300118368,2,2,NULL,,21:35.1,45:43.6,1,flor,DESKTOP-MO25F8N,0,0,111-11111-1
GESTION DE COBROS RESERVAS QUINCENAL,1.11E+11,1.11E+13,1111111111,1.11E+15,,,,,,2,300118368,2,5,NULL,,39:26.7,47:01.3,1,flor,DESKTOP-MO25F8N,0,0,111-11111-1
GESTION P/R BANRESERVAS MENSUALES,0,0,0,0,,,,,,5,795319581,3,0,NULL,,26:57.3,21:58.6,0,OPAULINO,COBROS01,NULL,NULL,NULL
GESTION P/R BANRESERVAS QUINCENAL,0,0,0,0,,,,,,2,300118368,2,0,NULL,,02:29.1,23:01.6,0,opaulino,APPSERVER,NULL,NULL,NULL
GESTION P/R BHD QUINCENAL,0,0,0,0,,,,,,1,11387790035,2,0,NULL,,09:30.4,23:59.9,0,rrodriguez,COBROS01,NULL,NULL,NULL
GESTION P/R CEDIMAT QUINCENAL,0,0,0,0,,,,,,2,300118368,2,0,NULL,,45:43.8,24:20.2,0,opaulino,DESKTOP-GSN33LR,NULL,NULL,NULL
GESTION P/R CONGELADOS BHD CARNET,0,0,0,0,,,,,,1,11387790035,2,0,NULL,,42:48.0,24:37.5,0,opaulino,DESKTOP-GSN33LR,NULL,NULL,NULL
GESTION P/R DREAMS UVERO ALTO,HOTELERIA,UVERO ALTO,0,0,,,,,,2,300118368,2,0,NULL,,00:05.1,25:10.1,0,opaulino,SERVIDOR,NULL,NULL,NULL
GESTION P/R INESPRE,0,0,0,0,,,,,,2,300118368,3,0,NULL,,41:38.2,25:50.0,0,opaulino,DESKTOP-GSN33LR,NULL,NULL,NULL
GESTION P/R INESPRE POST VIRTUAL,0,0,0,0,,,,,,2,300118368,3,0,NULL,,01:18.5,26:10.7,0,opaulino,SERVIDOR,NULL,NULL,NULL
GESTION P/R KARISMA,HOTELERIA,UVERO ALTO,0,0,,,,,,2,300118368,2,0,NULL,,49:50.8,26:24.3,0,opaulino,APPSERVER,NULL,NULL,NULL
GESTION P/R KARISMA POST VIRTUAL,HOTELERIA,UVERO ALTO,0,0,,,,,,2,300118368,2,0,NULL,,07:37.9,26:42.0,0,opaulino,APPSERVER,NULL,NULL,NULL
GESTION P/R MENSUALES BANRESERVAS,0,0,0,0,,,,,,2,300118368,3,0,NULL,,00:45.2,26:59.1,0,opaulino,SERVIDOR,NULL,NULL,NULL
GESTION P/R POPULAR QUINCENAL,0,0,0,0,,,,,,5,795319581,2,0,NULL,,26:11.7,28:19.8,0,opaulino,DESKTOP-GSN33LR,NULL,NULL,NULL
GESTION P/R PROGRESO QUINCENAL,0,0,0,0,,,,,,3,,2,0,NULL,,48:08.3,28:35.7,0,opaulino,DESKTOP-GSN33LR,NULL,NULL,NULL
GRUPO PERFESA SRL,IMPORTACION Y EXPORTACION ,AVENIDA PROLONGACION 27 DE FEBRERO #1515 ALAMEDA,8093722955,REC.,,,,,,5,795319581,2,0,NULL,PRODUCTOS CONTANZA,14:16.2,14:16.2,1,mmoris,DESKTOP-GSN33LR,0,0,131-37045-4
GRUPO PUNTA CANA,HOTELERIA,punta cana,1111111111,1111111111,,,,,,5,795319581,2,0,NULL,,31:27.5,31:23.7,0,mavila,USER-PC,NULL,NULL,NULL
HARD ROCK,HOTELERIA,BAVARO,0,0,,,,,,5,795319581,2,0,NULL,,17:08.6,27:02.0,0,crincon,GH-PC,NULL,NULL,NULL
HARD ROCK HOTEL PUNTA CANA ,HOTELERIA,PUNTA CANA,0,0,,,,,,5,795319581,2,0,NULL,,40:06.5,40:06.5,1,cgonzalezz,DESKTOP-LNFTS4A,0,0,131-37045-4
HIPER MERCADO OLE,VENTAS DE PRODUCTOS DE CONSUMO MASIVO,POR CONFIRMAR,22222222,RRRRR,,,,,,1,24472460019,2,0,NULL,,58:19.5,58:19.5,1,jalvarez,DESKTOP-GSN33LR,0,0,131-37045-4
HIPERMERCADO OLE,SUPERMERCADO,BAVARO,0,0,,,,,,1,24472460019,2,0,NULL,,54:43.8,54:43.8,1,mmoris,COBROS32,0,0.5,131-37045-4
HIPERMERCADO OLE POPULAR ,SUPERMERCADO,bavaro,0,0,,,,,,5,795319581,2,0,NULL,,04:58.4,22:35.4,1,mmoris,DESKTOP-DFEQDJR,0,0.5,131-37045-4
HOSP. NTRA SE벮RA DE LA ALTAGRACIA,DA ATENCION PERSONALIZADA ,,8099333506,0,,,,,,2,300118368,3,2,NULL,,31:14.5,28:48.4,1,cgonzalez,DESKTOP-K9FT08G,0,0.5,131-37045-4
HOSP. NTRA. SE벮RA DE LA ALTAGRACIA .,0,0,0,0,,,,,,2,300118368,3,0,NULL,,05:00.0,29:13.6,1,mmoris,DESKTOP-VK5UM4E,0,0.5,131-37045-4
HOSP. NTRA. SE벮RA DE LA ALTAGRACIA CANCELADO...,0,0,0,0,,,,,,2,300118368,3,2,NULL,,22:54.7,33:31.0,1,mmoris,SUPERVISOR-001,0,0.5,131-37045-4
HOSP. NTRA. SE벮RA DE LA ALTAGRACIA...,SALUD,higuey la altagracia,0,0,,,,,,2,300118368,3,0,NULL,,05:20.2,46:57.4,1,opaulino,GERENCIA,0,0,000-00000-0
HOSPIFAR,LABORATORIO MADICO,PROLONGACION AVENIDA MONUMENTAL #7 ,8095331084,RECEP.,,,,,,1,24472460019,2,5,NULL,,07:37.1,07:37.1,1,mmoris,DESKTOP-GSN33LR,0,4,131-37045-4
HOSPIFAR RECAUDO,0,0,0,0,,,,,,1,24472460019,2,0,NULL,,36:49.5,36:49.5,1,cgonzalezz,DESKTOP-O41JRMA,0,0,131-37045-4
HOSPITAL HIGUEY TARJETA DEBITO ELIA,SALUD,higuey la altagracia,0,0,,,,,,2,300118368,3,0,NULL,,24:39.8,24:39.8,1,opaulino,DESKTOP-VK5UM4E,0,0,000-00000-0
HOSPITAL MARCELINO VELEZ ,TECNICA EN HEMO DIALISIS NEFROLOGIA ASISTENTES ,isabela guaiar 141,8095606666,,,,,,,2,9602119269,3,5,NULL,clientes del hopital oscar dio la autorizacion para empezar a trabajar aya.,10:00.8,18:54.5,0,mpaulino,MARIAP,0,0.5,131-37045-4
HOSPITAL MATERNO INFANTIL NTRA. SRA. DE LA ALTAGRACIA,SECTOR PUBLICO,HIGUEY. LA ALTAGRACIA,0,0,,,,,,2,300118368,3,2,NULL,,36:17.9,27:07.2,1,opaulino,SERVER-PC,0,0.5,131-37045-4
HOSPITAL N.S DE LA ALTAGRACIA SOBREGIRADO,HOSPITAL,la altagracia,0,0,,,,,,2,9602119269,3,0,NULL,,15:09.7,04:09.2,0,mmoris,DESKTOP-7S68DQC,0,0,131-37045-4
HOSPITAL NUESTRA SE벮RA DE LA ALTAGRACIA 2,0,,0,0,,,,,,2,9602119269,3,2,NULL,,25:22.4,50:31.6,0,mmoris,DESKTOP-K9FT08G,0,0.5,131-37045-4
HOSPITAL NUESTRA SE벮RA DE LA ALTAGRACIA 3,EMERGENCIA,higuey,0,0,,,,,,2,9602119269,3,2,NULL,,43:49.0,50:45.7,0,yjimenezz,DESKTOP-K9FT08G,0,0.5,131-37045-4
IBERIA,SUPERMARCADO,0,0,0,,,,,,5,795319581,2,0,NULL,,22:08.3,59:56.6,0,crincon,GH-PC,NULL,NULL,NULL
IBEROSTAR,HOTELERIA,BAVARO,0,0,,,,,,5,795319581,2,0,NULL,,19:37.6,27:13.6,0,crincon,GH-PC,NULL,NULL,NULL
INCOBRABLES MENSUALES BANRESERVAS,0,0,0,0,,,,,,2,300118368,3,0,NULL,,51:22.7,19:59.3,0,crincon,GH-PC,NULL,NULL,NULL
INCOBRABLES O CANCELADOS,0,0,0,0,,,,,,2,300118368,2,0,NULL,,33:12.4,30:08.2,0,rrodriguez,APPSERVER,NULL,NULL,NULL
INCOBRABLES QUINCENALES BANRESERVAS,0,0,0,0,,,,,,2,300118368,2,0,NULL,,11:40.1,25:07.6,0,opaulino,DESKTOP-GSN33LR,NULL,NULL,NULL
INCOBRABLES QUINCENALES BHD,0,0,0,0,,,,,,1,11387790035,2,0,NULL,,02:17.5,26:14.1,0,admin,SERVIDOR,NULL,NULL,NULL
INCOBRABLES QUINCENALES POPULAR,HOTELRIA,bavaro,8090000000,8090000000,,,,,,5,795319581,2,0,NULL,,58:12.5,28:02.1,0,admin,INGRIS,NULL,NULL,NULL
INDUSTRIAS SAN MIGUEL DEL CARIBE S. A,VENTA DE REFRESCO Y JUGOS ,autopista duerte km 18 santo domingo oeste,8093316231,,,,,,,5,795319581,2,0,NULL,,06:47.5,06:47.5,1,jramirez,DESKTOP-GSN33LR,0,0,131-31704-5
INDUSTRIAS SAN MIGUEL DEL CARIBE S.A..,VENTAS DE REFRESCO Y JUGOS,autopista duarte km 18 santo domingo oeste.,8093316231,rec,,,,,,1,24472460019,2,0,NULL,,36:50.6,36:50.6,1,Jalvarez,DESKTOP-GSN33LR,0,0,131-37045-4
INDUSTRIAS SAN MIGUEL DEL CARIBE S.A...,VENTAS DE REFRESCO Y JUGOS .,autopista durate km 18 santo domingo oeste.,8093316231,rec,,,,,,2,300118368,2,0,NULL,,17:39.6,17:39.6,1,Jalvarez,DESKTOP-GSN33LR,0,0,131-37045-4
INESPRE INTERESES,0,0,0,0,,,,,,1,24472460019,3,0,NULL,,42:45.4,23:13.8,1,OPAULINO,DESKTOP-DFEQDJR,0,0,131-34705-4
INESPRE NUEVA ADM.,GUBERNAMENTAL ALIMENTOS,ISABEL AGUIAR ,8096210020,RES,,,,,,2,300118368,3,0,NULL,,49:31.1,15:28.8,1,jalvarez,DESKTOP-GSN33LR,0,0,131-37045-4
INESPRE PRESTACIONES LABORALES,0,0,0,0,,,,,,2,300118368,3,0,NULL,,47:57.5,47:57.5,1,flor,DESKTOP-MO25F8N,0,0,131-37045-4
INESPRE.,VENTA DE ALIMENTOS,BAVARO,8090000000,santo domingo,,,,,,2,300118368,3,2,NULL,,47:53.6,26:59.8,1,admin,DESKTOP-GSN33LR,0,0.5,131-37045-4
INESPRE..,SERVICIOS PUBLICOS,BAVARO,0,AAAAAAAAAAAAAAAAAAAA,,,,,,2,300118368,3,2,NULL,,00:44.9,27:09.3,1,ADMIN,USER-PC,0,0.5,131-37045-4
INESPRE...,VENTA DE ALIMENTOS,BAVARO,8090000000,xxxxxxxxxxxxxxxxxx,,,,,,2,300118368,3,2,NULL,,19:25.7,27:17.9,1,admin,DROSARIO01-PC,0,0.5,131-37045-4
INESPRE....,VENTA DE ALIMENTOS ,BAVARO,0,ccccccccccccccc,,,,,,2,300118368,3,2,NULL,,48:49.7,27:26.9,1,admin,DROSARIO01-PC,0,0.5,131-37045-4
INESPRE.....,VENTA DE ALIMENTOS ,BAVARO,0,ddddddddddddd,,,,,,2,300118368,3,2,NULL,,32:28.9,27:35.5,1,admin,DROSARIO01-PC,0,0.5,131-37045-4
INSTITUTO NACIONAL DE PATOLOGIA,PATOLOGIA,ARISTIDES FIELLO CABRAL ,8094767410,RECEPCION,,,,,,2,300118368,3,0,NULL,,29:19.9,01:25.7,0,drosario,TEMPORAL-PC,NULL,NULL,NULL
INVERCIONES AUSAN,POR CONFIRMAR,POR CONFIRMAR,0,,,,,,,2,300118368,2,0,NULL,,26:39.3,26:39.3,1,mmoris,DESKTOP-GSN33LR,0,0,131-37045-4
J PE베 CDR S.A,DESPACHO DE MERCANCIA,Avenidas Jhon f  kennedy esquina defillo,,,,,,,,1,24472460019,2,0,NULL,,35:06.7,45:01.6,1,Jalvarez,DESKTOP-48UJHBK,0,0,131-37045-4
JIMMY MODA SRL,VENTAS DE ROPAS Y CALZADOS,PROLONGACION 27 DE FEBRERO #85,8095446633,REC,,,,,,1,24472460019,2,0,NULL,,02:23.7,02:23.7,1,jalvarez,DESKTOP-GSN33LR,0,0,131-37045-4
JOSE ARMENTERO Y COMPA벨A,PROVICIONES DE ALMACENES, E L Ekman 14 ,8095659971,REC,,,,,,2,300118368,2,0,NULL,,56:50.6,56:50.6,1,mmoris,DESKTOP-GSN33LR,0,0,131-37045-4
KARISMA CANCELADO FASE,HOTELERIA,BAVARO,0,0,,,,,,2,300118368,2,0,NULL,,14:06.4,47:41.9,1,mmoris,DESKTOP-GSN33LR,0,0.5,131-37045-4
KARISMA FASE CANCELADO RECAUDO,0,0,0,0,,,,,,2,300118368,2,0,NULL,,05:14.5,43:38.9,1,mmoris,DESKTOP-DFEQDJR,0,0.5,131-37045-4
KARISMA PUNTA CANA 2,HOTELERIA,UVERO ALTO,8098334560,RECUERSOS HUMANO,,,,,,2,9602119269,2,2,NULL,,53:47.2,36:23.6,0,admin,SERVIDOR,0,0.5,131-37045-4
KARISMA PUNTA CANA 3,HOTELERIA,UVERO ALTO,8098334560,RECURSOS HUMANO,,,,,,2,9602119269,2,2,NULL,,55:42.8,36:29.2,0,admin,USER-PC,0,0.5,131-37045-4
KARISMA PUNTA CANA 4,HOTELERIA,UVERO ALTO,8098334560,REECURSOS HUMANOS,,,,,,2,9602119269,2,2,NULL,,21:07.7,36:33.8,0,admin,SERVIDOR,0,0.5,131-37045-4
KARISMA PUNTA CANA 5,HOTELERIA,UVERO ALTO,0,0,,,,,,2,9602119269,2,2,NULL,,04:42.0,36:38.8,0,opaulino,APPSERVER,0,0.5,131-37045-4
KARISMA PUNTA CANA FASE,HOTELERIA,UVERO ALTO,8098334560,RECURSOS HUMANOS,,,,,,2,300118368,2,2,NULL,,04:22.8,35:56.3,1,admin,DESKTOP-GSN33LR,0,0.5,131-37045-4
KARISMA PUNTA CANA FASE.,0,0,0,0,,,,,,2,300118368,2,2,NULL,,37:35.9,37:35.9,1,flor,DESKTOP-MO25F8N,0,0,131-37045-4
KARISMA PUNTA CANA FASE..,0,0,0,0,,,,,,2,300118368,2,2,NULL,,38:33.3,38:33.3,1,flor,DESKTOP-MO25F8N,0,0,131-37045-4
KARISMA PUNTA CANA.,BAVARO,0,0,0,,,,,,2,300118368,2,0,NULL,,12:06.0,06:47.7,1,mmoris,DESKTOP-VK5UM4E,0,0.5,131-37045-4
KARISMA PUNTA CANA..,HOTELERIA,bavaro,0,0,,,,,,2,300118368,2,2,NULL,,47:39.6,51:00.5,1,mmoris,MOISESSS,0,0.5,131-37045-4
KARISMA PUNTA CANA...,VVVVVVVVVVVVVVVV,vvvvvvvvvvv,1111111111,vvvvvvvvvvvvvv,,,,,,2,300118368,2,2,NULL,,48:39.5,48:39.5,1,flor,DESKTOP-MO25F8N,0,0,111-11111-1
KARISMA PUNTA CANA....,VVVVV,vvvvvvvvvvv,1111111111,vvvvvvvvvvvvvvvv,,,,,,2,300118368,2,2,NULL,,41:36.0,46:57.8,1,flor,DESKTOP-MO25F8N,0,0,111-11111-1
KARISMA PUNTA CANA.....,OOOOOOOOOOO,0,0,0,,,,,,2,300118368,2,2,NULL,,39:23.0,39:23.0,1,MMORIS,DESKTOP-KMO5TDU,0,0.5,131-37045-4
KARISMA PUNTA CANA.4,HOTELERIA,UVERO ALTO,8098334560,RECURSOS HUMANO,,,,,,2,9602119269,2,2,NULL,,07:54.8,36:43.4,0,cgonzalez,DESKTOP-ISIVUEK,0,0.5,131-37045-4
KARISMA SOLO INTERES ,0,0,0,0,,,,,,2,300118368,2,0,NULL,,22:44.7,22:44.7,1,opaulino,DESKTOP-VK5UM4E,0,0.5,131-37045-4
KETTLE SANCHEZ & CO/OARN,PRODUCTO DE FARMACIA,santo domingo,0,0,,,,,,1,24472460019,2,2,NULL,,01:39.7,01:39.7,1,mmoris,DESKTOP-O41JRMA,0,0.5,131-37045-4
L&R COMELCIAL SRL,VENTAS DE ELETRODOMESTICO,ISABEL AGUIAR . PLAZA ISABEL AGUIAR,8095614959,REC,,,,,,5,795319581,2,0,NULL,,07:20.5,07:20.5,1,jalvarez,DESKTOP-GSN33LR,0,0,131-37045-4
LA FABRIL CXA,VENTAS DE PRODUTOS DE CONSUMO MASIVO,AUTOPISTA DUARTE ESQUINA MONUMENTAL,8097247999,0,,,,,,5,795319581,2,5,NULL,,31:53.3,06:10.7,1,mmoris,DESKTOP-GSN33LR,0,4,131-37045-4
LA RIU,HOTELERIA,bavaro punta cana,8090000000,roque,,,,,,5,795319581,2,0,NULL,,40:34.5,27:31.4,0,rrodriguez,COBROS02,NULL,NULL,NULL
LA SIRENA,VENTA DE PRODUCTOS,higuey,0,0,,,,,,5,795319581,2,5,NULL,,07:21.7,27:45.1,0,opaulino,SERVIDOR,NULL,NULL,NULL
LISTA NEGRA INESPRE.,XXXXXXXXXXXXXXXXXXXX,xxxxxxxxxxxxxxxx,0,0,,,,,,2,300118368,3,0,NULL,,47:34.9,56:29.1,0,drosario,TEMPORAL-PC,NULL,NULL,NULL
LISTA NEGRA KARISMA,HOTELERIA,uvero alto,0,0,,,,,,2,300118368,2,0,NULL,,07:34.2,56:34.1,0,opaulino,APPSERVER,NULL,NULL,NULL
LIVE AQUA,AL TURISMO,0,0,0,,,,,,5,795319581,2,0,NULL,,38:28.4,47:45.6,1,cgonzalezz,DESKTOP-O41JRMA,0,0,131-37045-4
LOGISTICA INTELIGENTE S.A LOGIN,LOGISTICA Y TRANSPORTACION,PARQUE DUARTE. AUTOPISTA DUARTE KM 23,8094357788,REC,,,,,,1,24472460019,2,0,NULL,,57:52.6,52:56.1,1,mmoris,DESKTOP-GSN33LR,0,0,131-37045-4
MAJESTIC ,HOTELERIA,bavaro,0,0,,,,,,5,795319581,2,0,NULL,,10:38.1,14:28.0,0,opaulino,APPSERVER,NULL,NULL,NULL
MENSUALES BANRESERVAS,SECTOR PUBLICO,higuey,0,ssssssssssssssss,,,,,,2,300118368,3,2,NULL,,14:40.8,49:35.0,1,admin,SERVIDOR,0,0.5,131-37045-4
MENSUALES BANRESERVAS USUARIO BLOQUEADO,DIVERSOS,0,0,0,,,,,,2,7900004964,3,0,NULL,,48:16.0,39:02.7,0,admin,GH-PC,NULL,NULL,NULL
MENSUALES BHD,HOTELERIA,bavaro,0,aaaaaaaaaaaaaa,,,,,,1,11387790035,3,0,NULL,,02:50.5,38:15.5,0,admin,SERVIDOR,NULL,NULL,NULL
MENSUALES DEPOSITOS,0,0,0,0,,,,,,7,,3,0,NULL,,18:07.5,28:45.8,0,opaulino,APPSERVER,NULL,NULL,NULL
MENSUALES POPULAR RECAUDO,0,0,0,0,,,,,,5,795319581,3,0,NULL,,01:22.7,24:37.1,1,opaulino,OPAULINO0,0,0,000-00000-0
MENSUALES POPULARES,HOTELERIA,bavaro,0,0,,,,,,5,795319581,3,0,NULL,,52:44.2,29:01.3,0,admin,DESKTOP-GSN33LR,NULL,NULL,NULL
METRO DE SANTO DOMINGO ,SANTO DOMINGO,santo domingo,0,0,,,,,,2,300118368,3,0,NULL,,43:27.8,43:27.8,1,mmoris,DESKTOP-O41JRMA,0,0.5,131-37045-4
MIGRACION (PUNTA CANA),INSPECTOR,Punta Cana. PUJ,,,,,,,,2,300118368,3,0,NULL,,24:05.9,24:05.9,1,esantos,DESKTOP-KMO5TDU,0,0,000-00000-0
NESPLAS S.A.,0,0,,,,,,,,5,795319581,1,0,NULL,,09:34.8,04:49.0,1,cgonzalezz,DESKTOP-DFEQDJR,0,0,131-37045-4
NOW ONIX CANCELADOS,HOTELERIA,0,0,0,,,,,,1,24472460019,2,0,NULL,,00:42.0,00:42.0,1,cgonzalezz,DESKTOP-DFEQDJR,0,0,131-37045-4
NOW ONIX PUNTA CANA ,HOTELERIA,UVERO ALTO,0,0,,,,,,1,24472460019,2,0,NULL,,17:54.2,56:18.4,1,cgonzalezz,MOISESSS,0,0,131-31445-4
NOW ONYX / BRESLETS SIN PROCESAR,HOTELERIA,uvero alto,8292831745,0,,,,,,1,11387790035,2,0,NULL,,38:23.4,37:26.0,0,opaulino,APPSERVER,NULL,NULL,NULL
NOW ONYX PROBLEMATICOS,0,0,0,0,,,,,,1,24472460019,2,5,NULL,,58:45.6,08:31.7,1,opaulino,LAPTOP1,0,0.5,131-37045-4
NOW ONYX PUNTA CANA1,HOTELERIA,uvero alto,0,0,,,,,,1,24472460019,2,1,NULL,,18:37.5,06:06.5,0,opaulino,SERVIDOR,0,0.5,131-37045-4
NUEVOS CANCELADOS BANRESERVAS,BAVARO,hateleria,1111111111,1111111111,,,,,,7,,2,0,NULL,,33:04.8,31:23.1,0,mavila,USER-PC,NULL,NULL,NULL
NUEVOS CANCELADOS POPULAR,0,0,0,0,,,,,,5,795319581,2,0,NULL,,31:09.0,31:50.4,0,opaulino,DESKTOP-GSN33LR,NULL,NULL,NULL
OCCIDENTAL,HOTELERIA,puntaca,0,0,,,,,,5,795319581,2,0,NULL,,40:57.1,29:19.4,0,mavila,USER-PC,NULL,NULL,NULL
PALLADIUM,HOTELERIA,bavaro,1111111111,11111111,,,,,,5,795319581,2,0,NULL,,13:15.4,16:02.9,0,mavila,USER-PC,NULL,NULL,NULL
PALMA REAL,HOTELERIA,bavaro,1111111111,2.22E+12,,,,,,5,795319581,2,0,NULL,,24:58.5,16:59.5,0,mavila,USER-PC,NULL,NULL,NULL
PARADISO PUNTA CANA,HOTELERIA,punta cana,1111111111,2.22E+12,,,,,,5,795319581,2,0,NULL,,55:08.9,17:26.8,0,mavila,USER-PC,NULL,NULL,NULL
PASTEURIZADORA RICA S.A,EMPACADORA DE JUGOS Y LECHE . PRODUCTO LACTEOS,AVENIDA JHON F. KENNEDY . LA JAVILLA SANTO DOMINGO..AL LADO DE TELEANTILLAS,8095637422,REC.,,,,,,1,24472460019,2,0,NULL,,35:57.6,32:13.0,1,mmoris,DESKTOP-GSN33LR,0,0,131-37045-4
PASTEURIZADORA RICA S.A RECAUDOS,EMPACADORA DE JUGOS Y LECHE . PRODUCTO LACTEOS,AVENIDA JHON F. KENNEDY . LA JAVILLA SANTO DOMINGO..AL LADO DE TELEANTILLAS,8095637422,,,,,,,1,24472460019,2,0,NULL,,38:45.6,38:45.6,1,cgonzalezz,DESKTOP-O41JRMA,0,0,131-37045-4
PECHURICA LA FE  SRL,RESTAURANTE DE COMIDA,CALLE SAN MIGUEL #16 FRENTE A LA POLLERA,8097709170,DIANA FELIZ .,,,,,,1,24472460019,2,0,NULL,,09:28.6,15:53.6,1,jalvarez,DESKTOP-GSN33LR,0,0,131-37045-4
PETRO ANTILLANA S.A,PRODUCTOS LACTEOS,CALLE LUPERON # 1 URB.30 DE MAYO,8096834044,RE,,,,,,1,24472460019,3,5,NULL,,38:22.8,22:39.5,1,mmoris,OPAULINO0,0,4,131-37045-4
PETRO ANTILLANA S.A.,DISTRIBUIDOR ALIMENTOS,SANTO DOMINGO,0,0,,,,,,5,795319581,3,5,NULL,,05:42.2,05:42.2,1,flor,DESKTOP-MO25F8N,0,0,131-37045-4
PETRO ANTILLANA S.A..,PRODUCTOS LACTEOS,CALLE LUPERON #1 URB. 30 DE MAYO,8096834044,REC,,,,,,1,24472460019,2,0,NULL,,39:30.6,23:53.0,1,jalvarez,DESKTOP-GSN33LR,0,0,131-37045-4
PETRONAN ROCHELL ,BOMBA DE GASOLINA,0,0,0,,,,,,1,24472460019,2,0,NULL,,18:13.6,49:38.8,1,cgonzalezz,DESKTOP-MO25F8N,0,0,131-37045-4
PLANTILLA MENSUAL BANRESERVAS,0,0,0,0,,,,,,2,300118368,3,0,NULL,,05:09.9,17:59.3,0,drosario,TEMPORAL-PC,NULL,NULL,NULL
PLANTILLA QUINCENAL POPULARR,0,0,0,0,,,,,,5,795319581,2,0,NULL,,59:11.5,19:01.8,0,admin,SERVIDOR,NULL,NULL,NULL
PRESTACIONES KARISMA,0,0,0,0,,,,,,2,300118368,2,0,NULL,,41:03.3,33:18.9,0,admin,SERVIDOR,NULL,NULL,NULL
PRESTACIONES NOW Y BRETHLES,HOTELERIA,UVERO ALTO,0,0,,,,,,1,24472460019,2,5,NULL,,23:00.9,58:41.4,0,OPAULINO,DESKTOP-DFEQDJR,0,0.5,131-37045-4
PRESTACIONES PAGAS BREATHLESS Y NOW,0,0,0,0,,,,,,1,24472460019,2,5,NULL,,08:53.5,10:09.8,0,opaulino,LAPTOP1,0,0.5,131-37045-4
PROBLEMAS DE CREDITO BANRESRVAS,0,0,0,0,,,,,,2,300118368,3,0,NULL,,18:27.6,25:05.9,0,admin,SERVIDOR,NULL,NULL,NULL
QUALA DOMINICANA,FRABRICACION DE PRODUCTOS DE COMIDA,carretera sanchez no.18 cajuelito de haina,8097013333,recepcion,,,,,,1,11387790035,3,0,NULL,,32:50.9,30:56.6,0,drosario,DROSARIO01-PC,NULL,NULL,NULL
QUINCENALES BANRESERVAS ,HACER PRESTAMOS ,0,,,,,,,,2,300118368,2,2,NULL,,51:26.9,50:21.3,1,cgonzalezz,DESKTOP-2GPEK96,0,0.5,131-37045-4
QUINCENALES BANRESERVAS FASE RECAUDO,0,0,0,0,,,,,,2,300118368,2,0,NULL,,33:05.0,44:15.0,1,flor,DESKTOP-MO25F8N,0,0,131-37045-4
QUINCENALES BANRESERVAS USUARIO BLOQUEADO,DIVERSOS,0,0,0,,,,,,2,7900004964,2,0,NULL,,07:05.4,40:33.6,0,admin,GH-PC,NULL,NULL,NULL
QUINCENALES BHD FASE,0,0,0,0,,,,,,1,24472460019,2,2,NULL,,27:48.6,45:16.0,1,OPAULINO,WIN-UWIUFQ08L4C,0,0.5,131-37045-4
QUINCENALES CARDNET,HOTELERIA,punta cana,1111111111,1.11E+14,,,,,,2,300118368,2,0,NULL,,58:02.7,31:33.4,0,mavila,USER-PC,NULL,NULL,NULL
RABO RECYCLING,RECICLADORES DE PLASTICO,SANTO DOMINGO,0,0,,,,,,1,24472460019,3,0,NULL,,35:16.1,52:11.0,1,opaulino,DESKTOP-HOEK5U4,0,0,000-00000-0
RADISSON BLU RESORT & RESIDENCE. PUNTA CANA,TURISMO,0,0,0,,,,,,2,300118368,2,0,NULL,,36:52.7,36:52.7,1,cgonzalezz,DESKTOP-O41JRMA,0,0,131-37045-4
RECAUDO ANCORA PUNTA CANA POPULAR,HOTELERA,COCINERO,8092064482,,,,,,,1,24472460019,2,5,NULL,HOTELERA,57:25.2,25:55.6,1,yjimenezz,DESKTOP-5UNDJ8S,0,0.5,131-37045-4
RECAUDO BRETHLESS PUNTA CANA,HOTELERIA,0,0,0,,,,,,1,24472460019,2,0,NULL,,31:41.1,27:00.1,1,cgonzalezz,DESKTOP-O41JRMA,0,0,131-37045-4
RECAUDO EDEN ROCK,HOTELERIA,0,0,0,,,,,,1,24472460019,2,0,NULL,,30:04.6,27:29.6,1,cgonzalezz,DESKTOP-O41JRMA,0,0,131-37045-4
RECAUDO EJERCITO NACIONAL,ESTADO,0,0,0,,,,,,2,300118368,3,2,NULL,,22:41.8,27:49.9,1,opaulino,GERENCIA,0,0.5,131-37045-4
RECAUDO HOSP. NTRA.SE벮RA DE LA ALTAGRACIA,SERVICIOS PUBLICOS,HIGUEY LA ALTAGRACIA,0,0,,,,,,2,300118368,3,1,NULL,,59:59.3,29:44.9,1,opaulino,SERVER-PC,0,0.5,131-37045-4
RECAUDO HOSPITAL,SALUD Y MEDICINA,HIGUEY,8098000000,,,,,,,2,9602119269,3,2,NULL,,30:28.4,11:03.1,0,ibarinass,SERVIDOR,0,0.5,131-37045-4
RECAUDO HOSPITAL LA ALTAGRACIA VIEJO,0,0,0,0,,,,,,2,300118368,3,0,NULL,,26:41.0,30:10.4,1,mmoris,DESKTOP-GSN33LR,0,0.5,131-37045-4
RECAUDO INESPRE,SECTOR PUBLICO,BAVARO,0,0,,,,,,2,300118368,3,5,NULL,,08:36.8,30:31.1,1,opaulino,SERVER-PC,0,0.5,131-37045-4
RECAUDO KARISMA,HOTELERIA,UVERO ALTO PUNTA CANA,8090000000,,,,,,,2,300118368,2,2,NULL,,29:16.5,31:01.4,1,ibarinass,SERVIDOR,0,0.5,131-37045-4
RECAUDO MENSUALES BANRESERVAS,0,0,0,0,,,,,,2,300118368,3,0,NULL,,32:29.8,28:40.5,1,mmoris,DESKTOP-VK5UM4E,0,0.5,131-37045-4
RECAUDO NOW ONIX PUNTA CANA,HOTELRIA,,0,0,,,,,,1,24472460019,2,0,NULL,,32:34.7,23:55.5,1,cgonzalezz,DESKTOP-O41JRMA,0,0,131-37045-4
RECAUDO QUINCENALES BANRESERVAS,0,0,0,0,,,,,,2,300118368,2,0,NULL,,12:28.9,32:03.5,1,flor,DESKTOP-MO25F8N,0,0,131-37045-4
RECAUDO QUINCENALES BANRESERVAS ACTIVOS,0,0,0,0,,,,,,2,300118368,2,0,NULL,,23:42.7,28:57.8,1,opaulino,DESKTOP-HOEK5U4,0,0,000-00000-0
RECAUDO QUINCENALES BHD COBRANDO.,VARIADOS,HIGUEY-VERON-PUNTA CANA,8090000000,OSCAR PAULINO,,,,,,1,24472460019,2,0,NULL,,59:09.1,29:17.3,1,ibarinas,SERVIDOR,0,0,131-37045-4
RECAUDO QUINCENALES POPULAR,0,0,0,0,,,,,,5,795319581,2,1,NULL,,53:40.2,32:44.2,1,opaulino,SERVER-PC,0,0.5,131-37045-4
RECAUDO QUINCENALES POPULAR HIGUEY,HOTELERIA,bavaro,1231231231,8090000000,,,,,,5,795319581,2,2,NULL,,30:37.5,32:23.3,1,admin,DESKTOP-GSN33LR,0,0.5,131-37045-4
RECAUDO ROYALTON,0,0,0,0,,,,,,2,300118368,2,5,NULL,,58:28.9,33:04.8,1,opaulino,SERVIDOR,0,0.5,131-37045-4
RECAUDOS  ANCORA BHD,HOTELERIA,0,,,,,,,,1,24472460019,2,0,NULL,,54:43.1,26:21.2,1,cgonzalezz,DESKTOP-O41JRMA,0,0,131-37045-4
RECURRENCIAS QUINCENALES,0,0,0,0,,,,,,2,300118368,2,0,NULL,,03:29.2,32:11.1,0,opaulino,APPSERVER,NULL,NULL,NULL
RECURRENTES MENSUALES,HOTELERIA,PUNTA CANA,0,0,,,,,,2,300118368,3,0,NULL,,24:22.5,32:48.2,0,crincon,GH-PC,NULL,NULL,NULL
RETAIL GROUP,COMPA벨A DISTRIBUCION DE PRODUCTOS ALIMENTICIOS.,CALLE BOHECHIO #7 DETRAS DEL BRAVO DE LA CHURCHILL,8293445041,YENNIFER RRHHU,,,,,,5,795319581,2,0,NULL,,25:09.4,25:09.4,1,jalvarez,DESKTOP-GSN33LR,0,0,131-37045-4
RM TECH,DISTRIBUIDOR DE EQUIPOS DE TELECOMUNICACIONES.,calle juan duquela sto dgo este 11501,8092734333,,,,,,,1,24472460019,2,0,NULL,,52:20.2,52:20.2,1,jalvarez,DESKTOP-GSN33LR,0,0,131-37045-4
ROBLEDO LOGISTICS,TRANSPORTACION Y DISTRIBUCION DE MERCACIA,,,,,,,,,,,,,,,,,,,,,,
,,,,,,,,,,,,,,,,,,,,,,,
,,,,,,,,,,,,,,,,,,,,,,,
,,,,,,2,300118368,2,0,NULL,,23:49.8,23:49.8,1,jalvarez,DESKTOP-GSN33LR,0,0,131-37045-4,,,,
ROYALTON BANRESERVAS,HOTELERIA D/PUNTA CANA BAVARO,C/PUNTACANA N/22,0,JUAN PEREZ,,,,,,2,300118368,2,5,NULL,,45:18.7,46:31.7,1,cgonzalez,DESKTOP-U05VGEQ,0,0.5,131-37045-4
ROYALTON POST VIRTUAL,HOTELERIA,BAVARO,0,0,,,,,,5,795319581,2,0,NULL,,19:20.4,31:05.3,0,opaulino,SERVIDOR,NULL,NULL,NULL
SECRET CAP CANA,HOTELERIA,cap cana,0,0,,,,,,2,300118368,2,0,NULL,,10:03.5,10:58.0,1,esantos,DESKTOP-KMO5TDU,0,0,131-37045-4
SECRETS CAP CANA,HOTELERIA,bavaro,0,0,,,,,,2,9602119269,2,5,NULL,,53:49.4,12:11.2,0,rrodriguez,MOISES,0,0.5,131-37045-4
SECRETS CAP-CANA,HOTELERIA,0,0,0,,,,,,2,300118368,2,0,NULL,,52:24.4,50:50.6,0,crincon,GH-PC,NULL,NULL,NULL
SEGUIMIENTO CK. CESARINA,0,0,0,0,,,,,,1,24472460019,2,5,NULL,,02:41.4,12:34.4,0,opaulino,GERENCIA,0,0.5,131-37045-4
SEGUIMIENTO CK. JEISY,0,0,0,0,,,,,,1,24472460019,2,5,NULL,,44:33.0,12:49.6,0,opaulino,GERENCIA,0,0.5,131-37045-4
SEMANAL POPULAR,CLUB VACIONES,bavaro,8090000000,,,,,,,5,795319581,1,0,NULL,,41:04.0,33:57.4,0,rrodriguez,APPSERVER,NULL,NULL,NULL
SEMANAL PROGRESO,CLUB DE VACACIONES,BAVARO/PUNTA CANA,0,NO APLICA,,,,,,3,,1,0,NULL,,46:15.8,34:33.7,0,ibarinas,SERVIDOR,NULL,NULL,NULL
SEQUISA .SRL,SERVCIO A EQUIPOS INDUSTRIALES,CALLE CENTRAL #14 ZONA INDUSTRIAL DE HERRERA.,809472355,REC.,,,,,,1,24472460019,2,0,NULL,,27:34.1,52:26.1,1,mmoris,DESKTOP-GSN33LR,0,0,131-37045-4
SERVAIR,SERVICIOS AEROPORTARIOS,PUNTA CANA,0,0,,,,,,5,795319581,2,0,NULL,,29:32.7,33:50.3,0,crincon,GH-PC,NULL,NULL,NULL
SHELL (BOMBA DE PANCHITO),BOMBERO,0,0,,,,,,,2,300118368,2,0,NULL,,30:15.1,30:15.1,1,esantos,DESKTOP-KMO5TDU,0,0,000-00000-0
SIGMA ALIMENTOS ,VENTA DE PRODUCTOS LACTEOS,ANIBAL DE ESPINOSA 215. VILLA AGRICOLAS,8092472020,REC,,,,,,1,24472460019,2,0,NULL,,33:08.5,21:08.4,1,jalvarez,DESKTOP-GSN33LR,0,0,131-37045-4
SIRENA,VENTA,LA ALTAGRACIA,0,0,,,,,,5,795319581,2,0,NULL,,34:30.3,13:28.7,0,flor,DESKTOP-SUMFLTC,0,0.5,131-37045-4
SIRENI,HOTERIA,bavaro,0,0,,,,,,1,11387790035,2,0,NULL,,44:27.2,36:51.6,0,mseverino,RECEPCIONUVERO,NULL,NULL,NULL
SIRENIS ,COCINA,uvero alto - macao ,2000000000,,,,,,,1,11387790035,2,0,NULL,,23:58.8,41:31.5,0,mmoris,OPAULINO,NULL,NULL,NULL
SIRENIS0,HOTELERIA ,bavaro,1212121212,1212121212,,,,,,1,24472460019,2,5,NULL,,17:58.0,18:20.8,0,admin,DESKTOP-GSN33LR,0,0.5,131-37045-4
SUNCAPE,HOTELERIA,bavaro,0,0,,,,,,5,795319581,2,0,NULL,,09:28.7,50:56.5,0,OPAULINO,APPSERVER,NULL,NULL,NULL
SUPER MERCADO EL PRIMO,VENTAS DE TODO TIPO DE PRODUCTO DE CONSUMO MASIVO,POR CONFIRMAR,2222222,222222,,,,,,1,24472460019,2,0,NULL,,48:19.3,48:19.3,1,jalvarez,DESKTOP-GSN33LR,0,0,131-37045-4
TRANSPORTE BULE,TRANSPORTE,Frente a la universidad,1111111111,11111111111,,,,,,5,795319581,3,0,NULL,,26:31.9,09:01.3,0,mavila,USER-PC,NULL,NULL,NULL
USUARIO BLOQUEADOS BANRESERVAS,0,0,0,0,,,,,,2,300118368,3,0,NULL,,55:22.9,15:03.9,0,opaulino,APPSERVER,NULL,NULL,NULL
USUARIOS INTENET MOVIL BANRESERVAS,0,0,0,0,,,,,,2,7900004964,3,0,NULL,,00:11.2,35:53.2,0,opaulino,APPSERVER,NULL,NULL,NULL
USUARIOS RECHAZADOS BANRESERVAS,0,0,0,0,,,,,,2,300118368,3,0,NULL,,58:03.4,30:50.7,0,opaulino,APPSERVER,NULL,NULL,NULL
VISTA SOL,HOTELERIA,bavaro,0,0,,,,,,5,795319581,2,0,NULL,,27:27.7,16:45.9,0,opaulino,APPSERVER,NULL,NULL,NULL
WIND SRL,COMPA벨A DE TELECOMUNICACIONES,PROLONGACION 27 ESQUINA ISABEL AGUIAR,8092003000,REC,,,,,,1,24472460019,2,0,NULL,,05:06.9,05:06.9,1,jalvarez,DESKTOP-GSN33LR,0,0,131-37045-4
ZOETRY AGUA PUNTA CANA,HOTELERIA,bavaro,2000000000,0,,,,,,1,24472460019,2,5,NULL,,14:39.3,57:11.7,0,rrodriguez,APPSERVER,0,0.5,131-37045-4
ZOETRY CANCELADOS,HOTELERIA,0,0,0,,,,,,1,24472460019,2,0,NULL,,55:07.2,55:07.2,1,cgonzalezz,DESKTOP-DFEQDJR,0,0,131-37045-4
ZOETRY PROBLEMATICOS,0,,0,0,,,,,,1,24472460019,2,0,NULL,,35:03.2,00:17.7,1,cgonzalezz,MOISESSS,0,0,131-37045-4
ZOETRY PUNTA CANA,HOTELERIA,UVERO ALTO,0,0,,,,,,1,24472460019,2,0,NULL,,32:02.4,56:47.7,1,cgonzalezz,MOISESSS,0,0,131-37045-4
ZOETRY PUNTA CANA FASE,0,0,0,0,,,,,,1,24472460019,2,0,NULL,,28:34.0,08:29.7,1,cgonzalezz,MOISESSS,0,0,131-37045-4
